;CS_CZ;DE_DE;EN_GB;ES_ES;FR_FR;HR_HR;IT_IT;PL_PL;SE_SE
ABW;Aruba;Aruba;Aruba;Aruba;Aruba;Aruba;Aruba;Aruba;Aruba
AD;Andorra;Andorra;Andorra;Andorra;Andorre;Andora;Andorra;Andora;Andorra
AE;Spojené arabské emiráty;Vereinigte Arabische Emirate;United Arab Emirates;Emiratos Árabes Unidos;Émirats arabes unis;Ujedinjeni Arapski Emirati;Emirati Arabi Uniti;Zjednoczone Emiraty Arabskie;Förenade Arabemiraten
AF;Afghánistán;Afghanistan;Afghanistan;Afganistán;Afghanistan;Afganistan;Afghanistan;Afganistan;Afghanistan
AFG;Afghánistán;Afghanistan;Afghanistan;Afganistán;Afghanistan;Afganistan;Afghanistan;Afganistan;Afghanistan
AG;Antigua a Barbuda;Antigua und Barbuda;Antigua and Barbuda;Antigua y Barbuda;Antigua-et-Barbuda;Antigva i Barbuda;Antigua e Barbuda;Antigua i Barbuda;Antigua och Barbuda
AGO;Angola;Angola;Angola;Angola;Angola;Angola;Angola;Angola;Angola
AI;Anguilla;Anguilla;Anguilla;Anguila;Anguilla;Angvila;Anguilla;Anguilla;Anguilla
AIA;Anguilla;Anguilla;Anguilla;Anguila;Anguilla;Angvila;Anguilla;Anguilla;Anguilla
AL;Albánie;Albanien;Albania;Albania;Albanie;Albanija;Albania;Albania;Albanien
ALA;Alandy;Åland;Åland Islands;Åland;Åland;Ålandski otoci;Åland;Wyspy Alandzkie;Åland
ALB;Albánie;Albanien;Albania;Albania;Albanie;Albanija;Albania;Albania;Albanien
AM;Arménie;Armenien;Armenia;Armenia;Arménie;Armenija;Armenia;Armenia;Armenien
AND;Andorra;Andorra;Andorra;Andorra;Andorre;Andora;Andorra;Andora;Andorra
AO;Angola;Angola;Angola;Angola;Angola;Angola;Angola;Angola;Angola
AQ;Antarktida;Antarktis;Antarctica;Antártida;Antarctique;Antarktika;Antartide;Antarktyka;Antarktis
AR;Argentina;Argentinien;Argentina;Argentina;Argentine;Argentina;Argentina;Argentyna;Argentina
ARE;Spojené arabské emiráty;Vereinigte Arabische Emirate;United Arab Emirates;Emiratos Árabes Unidos;Émirats arabes unis;Ujedinjeni Arapski Emirati;Emirati Arabi Uniti;Zjednoczone Emiraty Arabskie;Förenade Arabemiraten
ARG;Argentina;Argentinien;Argentina;Argentina;Argentine;Argentina;Argentina;Argentyna;Argentina
ARM;Arménie;Armenien;Armenia;Armenia;Arménie;Armenija;Armenia;Armenia;Armenien
AS;Americká Samoa;Amerikanisch-Samoa;American Samoa;Samoa Americana;Samoa américaines;Američka Samoa;Samoa Americane;Samoa Amerykańskie;Amerikanska Samoa
ASM;Americká Samoa;Amerikanisch-Samoa;American Samoa;Samoa Americana;Samoa américaines;Američka Samoa;Samoa Americana;Samoa Amerykańskie;Amerikanska Samoa
AT;Rakousko;Österreich;Austria;Austria;Autriche;Austrija;Austria;Austria;Österrike
ATA;Antarktida;Antarktis;Antarctica;Antártida;Antarctique;Antarktika;Antartide;Antarktyka;Antarktis
ATF;Francouzská jižní a antarktická území;Französische Süd- und Antarktisgebiete;French Southern Territories;Tierras Australes y Antárticas Francesas;Terres australes et antarctiques françaises;Francuski južni i antarktički teritoriji;Territori Francesi del Sud e dell'Antartide;Francuskie Terytoria Południowe i Antarktyczne;Franska södra territorierna
ATG;Antigua a Barbuda;Antigua und Barbuda;Antigua and Barbuda;Antigua y Barbuda;Antigua et Barbuda;Antigva i Barbuda;Antigua e Barbuda;Antigua i Barbuda;Antigua och Barbuda
AU;Austrálie;Australien;Australia;Australia;Australie;Australija;Australia;Australia;Australien
AUS;Austrálie;Australien;Australia;Australia;Australie;Australija;Australia;Australia;Australien
AUT;Rakousko;Österreich;Austria;Austria;Autriche;Austrija;Austria;Austria;Österrike
AW;Aruba;Aruba;Aruba;Aruba;Aruba;Aruba;Aruba;Aruba;Aruba
AX;Alandy;Åland;Åland Islands;Åland;Åland;Ålandski otoci;Åland;Wyspy Alandzkie;Åland
AZ;Ázerbájdžán;Aserbaidschan;Azerbaijan;Azerbaiyán;Azerbaïdjan;Azerbajdžan;Azerbaijan;Azerbejdżan;Azerbajdzjan
AZE;Ázerbájdžán;Aserbaidschan;Azerbaijan;Azerbaiyán;Azerbaïdjan;Azerbajdžan;Azerbaigian;Azerbejdżan;Azerbajdzjan
BA;Bosna a Hercegovina;Bosnien und Herzegowina;Bosnia and Herzegovina;Bosnia y Herzegovina;Bosnie-et-Herzégovine;Bosna i Hercegovina;Bosnia ed Erzegovina;Bośnia i Hercegowina;Bosnien och Hercegovina
BB;Barbados;Barbados;Barbados;Barbados;Barbade;Barbados;Barbados;Barbados;Barbados
BD;Bangladéš;Bangladesch;Bangladesh;Bangladés;Bangladesh;Bangladeš;Bangladesh;Bangladesz;Bangladesh
BDI;Burundi;Burundi;Burundi;Burundi;Burundi;Burundi;Burundi;Burundi;Burundi
BE;Belgie;Belgien;Belgium;Bélgica;Belgique;Belgija;Belgio;Belgia;Belgien
BEL;Belgie;Belgien;Belgium;Bélgica;Belgique;Belgija;Belgio;Belgia;Belgien
BEN;Benin;Benin;Benin;Benín;Bénin;Benin;Benin;Benin;Benin
BES;Bonaire, Svatý Eustach a Saba;Bonaire;Bonaire;Bonaire, San Eustaquio y Saba;Bonaire;Karipski otoci Nizozemske;Bonaire;Bonaire, Sint Eustatius i Saba;Bonaire, Sint Eustatius and Saba
BF;Burkina Faso;Burkina Faso;Burkina Faso;Burkina Faso;Burkina Faso;Burkina Faso;Burkina Faso;Burkina Faso;Burkina Faso
BFA;Burkina Faso;Burkina Faso;Burkina Faso;Burkina Faso;Burkina Faso;Burkina Faso;Burkina Faso;Burkina Faso;Burkina Faso
BG;Bulharsko;Bulgarien;Bulgaria;Bulgaria;Bulgarie;Bugarska;Bulgaria;Bułgaria;Bulgarien
BGD;Bangladéš;Bangladesch;Bangladesh;Bangladés;Bangladesh;Bangladeš;Bangladesh;Bangladesz;Bangladesh
BGR;Bulharsko;Bulgarien;Bulgaria;Bulgaria;Bulgarie;Bugarska;Bulgaria;Bułgaria;Bulgarien
BH;Bahrajn;Bahrain;Bahrain;Baréin;Bahreïn;Bahrein;Bahrein;Bahrajn;Bahrain
BHR;Bahrajn;Bahrain;Bahrain;Baréin;Bahreïn;Bahrein;Bahrein;Bahrajn;Bahrain
BHS;Bahamy;Bahamas;Bahamas;Bahamas;Bahamas;Bahami;Bahamas;Bahamy;Bahamas
BI;Burundi;Burundi;Burundi;Burundi;Burundi;Burundi;Burundi;Burundi;Burundi
BIH;Bosna a Hercegovina;Bosnien und Herzegowina;Bosnia and Herzegovina;Bosnia y Herzegovina;Bosnie-et-Herzégovine;Bosna i Hercegovina;Bosnia ed Erzegovina;Bośnia i Hercegowina;Bosnien och Hercegovina
BJ;Benin;Benin;Benin;Benín;Bénin;Benin;Benin;Benin;Benin
BL;Svatý Bartoloměj;Saint-Barthélemy;Saint Barthélemy;San Bartolomé;Saint-Barthélemy;Saint Barthélemy;Saint-Barthélemy;Saint-Barthélemy;Saint-Barthélemy
BLM;Svatý Bartoloměj;Saint-Barthélemy;Saint Barthélemy;San Bartolomé;Saint-Barthélemy;Saint Barthélemy;Saint-Barthélemy;Saint-Barthélemy;Saint-Barthélemy
BLR;Bělorusko;Belarus;Belarus;Bielorrusia;Biélorussie;Bjelorusija;Bielorussia;Białoruś;Belarus
BLZ;Belize;Belize;Belize;Belice;Belize;Belize;Belize;Belize;Belize
BM;Bermudy;Bermuda;Bermuda;Bermudas;Bermudes;Bermudi;Bermuda;Bermudy;Bermuda
BMU;Bermudy;Bermuda;Bermuda;Bermudas;Bermudes;Bermudi;Bermuda;Bermudy;Bermuda
BN;Brunej;Brunei;Brunei Darussalam;Brunéi;Brunei;Brunej;Brunei;Brunei;Brunei
BO;Bolívie;Bolivien;Bolivia;Bolivia;Bolivie;Bolivija;Bolivia;Boliwia;Bolivia
BOL;Bolívie;Bolivien;Bolivia;Bolivia;Bolivie;Bolivija;Bolivia;Boliwia;Bolivia
BQ;Bonaire, Svatý Eustach a Saba;Bonaire;Bonaire;Bonaire, San Eustaquio y Saba;Bonaire;Karipski otoci Nizozemske;Bonaire;Bonaire, Sint Eustatius i Saba;Bonaire, Sint Eustatius and Saba
BR;Brazílie;Brasilien;Brazil;Brasil;Brésil;Brazil;Brasile;Brazylia;Brasilien
BRA;Brazílie;Brasilien;Brazil;Brasil;Brésil;Brazil;Brasile;Brazylia;Brasilien
BRB;Barbados;Barbados;Barbados;Barbados;Barbade;Barbados;Barbados;Barbados;Barbados
BRN;Brunej;Brunei;Brunei Darussalam;Brunéi;Brunei;Brunej;Brunei;Brunei;Brunei
BS;Bahamy;Bahamas;Bahamas;Bahamas;Bahamas;Bahami;Bahamas;Bahamy;Bahamas
BT;Bhútán;Bhutan;Bhutan;Bután;Bhoutan;Butan;Bhutan;Bhutan;Bhutan
BTN;Bhútán;Bhutan;Bhutan;Bután;Bhoutan;Butan;Bhutan;Bhutan;Bhutan
BV;Bouvetův ostrov;Bouvetinsel;Bouvet Island;Isla Bouvet;Île Bouvet;Otok Bouvet;Isola di Bouvet;Wyspa Bouveta;Bouvetön
BVT;Bouvetův ostrov;Bouvetinsel;Bouvet Island;Isla Bouvet;Île Bouvet;Otok Bouvet;Isola di Bouvet;Wyspa Bouveta;Bouvetön
BW;Botswana;Botswana;Botswana;Botsuana;Botswana;Bocvana;Botswana;Botswana;Botswana
BWA;Botswana;Botswana;Botswana;Botsuana;Botswana;Bocvana;Botswana;Botswana;Botswana
BY;Bělorusko;Belarus;Belarus;Bielorrusia;Biélorussie;Bjelorusija;Bielorussia;Białoruś;Belarus
BZ;Belize;Belize;Belize;Belice;Belize;Belize;Belize;Belize;Belize
CA;Kanada;Kanada;Canada;Canadá;Canada;Kanada;Canada;Kanada;Kanada
CAF;Středoafrická republika;Zentralafrikanische Republik;Central African Republic;República Centroafricana;République centrafricaine;Srednjoafrička Republika;Repubblica Centrafricana;Republika Środkowoafrykańska;Centralafrikanska republiken
CAN;Kanada;Kanada;Canada;Canadá;Canada;Kanada;Canada;Kanada;Kanada
CC;Kokosové ostrovy;Kokosinseln;Cocos Islands;Islas Cocos;Îles Cocos;Kokosovi (Keelingovi) otoci;Isole Cocos;Wyspy Kokosowe;Kokosöarna
CCK;Kokosové ostrovy;Kokosinseln;Cocos Islands;Islas Cocos;Îles Cocos;Kokosovi (Keelingovi) otoci;Isole Cocos;Wyspy Kokosowe;Kokosöarna
CD;Konžská demokratická republika;Kongo;Congo;República Democrática del Congo;Congo;Kongo - Kinshasa;Congo;Demokratyczna Republika Konga;Kongo-Kinshasa
CF;Středoafrická republika;Zentralafrikanische Republik;Central African Republic;República Centroafricana;République centrafricaine;Srednjoafrička Republika;Repubblica Centrafricana;Republika Środkowoafrykańska;Centralafrikanska republiken
CG;Kongo;Kongo;Congo;República del Congo;Congo;Kongo - Brazzaville;Congo;Kongo;Kongo-Brazzaville
CH;Švýcarsko;Schweiz;Switzerland;Suiza;Suisse;Švicarska;Svizzera;Szwajcaria;Schweiz
CHE;Švýcarsko;Schweiz;Switzerland;Suiza;Suisse;Švicarska;Svizzera;Szwajcaria;Schweiz
CHL;Chile;Chile;Chile;Chile;Chili;Čile;Cile;Chile;Chile
CHN;Čína;Volksrepublik China;China;China;République populaire de Chine;Kina;Repubblica Popolare Cinese;Chiny;Kina
CI;Pobřeží slonoviny;Elfenbeinküste;Côte d'Ivoire;Costa de Marfil;Côte d'Ivoire;Obala Bjelokosti;Costa d'Avorio;Wybrzeże Kości Słoniowej;Elfenbenskusten
CIV;Pobřeží slonoviny;Elfenbeinküste;Côte d'Ivoire;Costa de Marfil;Côte d'Ivoire;Obala Bjelokosti;Costa d'Avorio;Wybrzeże Kości Słoniowej;Elfenbenskusten
CK;Cookovy ostrovy;Cookinseln;Cook Islands;Islas Cook;Îles Cook;Cookovi Otoci;Isole Cook;Wyspy Cooka;Cooköarna
CL;Chile;Chile;Chile;Chile;Chili;Čile;Cile;Chile;Chile
CM;Kamerun;Kamerun;Cameroon;Camerún;Cameroun;Kamerun;Camerun;Kamerun;Kamerun
CMR;Kamerun;Kamerun;Cameroon;Camerún;Cameroun;Kamerun;Camerun;Kamerun;Kamerun
CN;Čína;Volksrepublik China;China;China;République populaire de Chine;Kina;Repubblica Popolare Cinese;Chiny;Kina
CO;Kolumbie;Kolumbien;Colombia;Colombia;Colombie;Kolumbija;Colombia;Kolumbia;Colombia
COD;Konžská demokratická republika;Kongo;Congo;República Democrática del Congo;Congo;Kongo - Kinshasa;Congo;Demokratyczna Republika Konga;Kongo-Kinshasa
COG;Kongo;Kongo;Congo;República del Congo;Congo;Kongo - Brazzaville;Congo;Kongo;Kongo-Brazzaville
COK;Cookovy ostrovy;Cookinseln;Cook Islands;Islas Cook;Îles Cook;Cookovi Otoci;Isole Cook;Wyspy Cooka;Cooköarna
COL;Kolumbie;Kolumbien;Colombia;Colombia;Colombie;Kolumbija;Colombia;Kolumbia;Colombia
COM;Komory;Komoren;Comoros;Comoras;Comores;Komori;Comore;Komory;Komorerna
CPV;Kapverdy;Kap Verde;Cabo Verde;Cabo Verde;Cap-Vert;Zelenortska Republika;Capo Verde;Republika Zielonego Przylądka;Kap Verde
CR;Kostarika;Costa Rica;Costa Rica;Costa Rica;Costa Rica;Kostarika;Costa Rica;Kostaryka;Costa Rica
CRI;Kostarika;Costa Rica;Costa Rica;Costa Rica;Costa Rica;Kostarika;Costa Rica;Kostaryka;Costa Rica
CU;Kuba;Kuba;Cuba;Cuba;Cuba;Kuba;Cuba;Kuba;Kuba
CUB;Kuba;Kuba;Cuba;Cuba;Cuba;Kuba;Cuba;Kuba;Kuba
CUW;Curaçao;Curaçao;Curaçao;Curazao;Curaçao;Curaçao;Curaçao;Curaçao;Curaçao
CV;Kapverdy;Kap Verde;Cabo Verde;Cabo Verde;Cap-Vert;Zelenortska Republika;Capo Verde;Republika Zielonego Przylądka;Kap Verde
CW;Curaçao;Curaçao;Curaçao;Curazao;Curaçao;Curaçao;Curaçao;Curaçao;Curaçao
CX;Vánoční ostrov;Weihnachtsinsel;Christmas Island;Isla de Navidad;Île de Noël;Božićni otok;Isola di Natale;Wyspa Bożego Narodzenia;Julön
CXR;Vánoční ostrov;Weihnachtsinsel;Christmas Island;Isla de Navidad;Île de Noël;Božićni otok;Isola di Natale;Wyspa Bożego Narodzenia;Julön
CY;Kypr;Zypern;Cyprus;Chipre;Chypre;Cipar;Cipro;Cypr;Cypern
CYM;Kajmanské ostrovy;Kaimaninseln;Cayman Islands;Islas Caimán;Îles Caïmans;Kajmanski otoci;Isole Cayman;Kajmany;Caymanöarna
CYP;Kypr;Zypern;Cyprus;Chipre;Chypre;Cipar;Cipro;Cypr;Cypern
CZ;Česko;Tschechien;Czechia;República Checa;République tchèque;Češka;Repubblica Ceca;Czechy;Tjeckien
CZE;Česko;Tschechien;Czechia;República Checa;République tchèque;Češka;Repubblica Ceca;Czechy;Tjeckien
DE;Německo;Deutschland;Germany;Alemania;Allemagne;Njemačka;Germania;Niemcy;Tyskland
DEU;Německo;Deutschland;Germany;Alemania;Allemagne;Njemačka;Germania;Niemcy;Tyskland
DJ;Džibutsko;Dschibuti;Djibouti;Yibuti;Djibouti;Džibuti;Gibuti;Dżibuti;Djibouti
DJI;Džibutsko;Dschibuti;Djibouti;Yibuti;Djibouti;Džibuti;Gibuti;Dżibuti;Djibouti
DK;Dánsko;Dänemark;Denmark;Dinamarca;Danemark;Danska;Danimarca;Dania;Danmark
DM;Dominika;Dominica;Dominica;Dominica;Dominique;Dominika;Dominica;Dominika;Dominica
DMA;Dominika;Dominica;Dominica;Dominica;Dominique;Dominika;Dominica;Dominika;Dominica
DNK;Dánsko;Dänemark;Denmark;Dinamarca;Danemark;Danska;Danimarca;Dania;Danmark
DO;Dominikánská republika;Dominikanische Republik;Dominican Republic;República Dominicana;République dominicaine;Dominikanska Republika;Repubblica Dominicana;Dominikana;Dominikanska republiken
DOM;Dominikánská republika;Dominikanische Republik;Dominican Republic;República Dominicana;République dominicaine;Dominikanska Republika;Repubblica Dominicana;Dominikana;Dominikanska republiken
DZ;Alžírsko;Algerien;Algeria;Argelia;Algérie;Alžir;Algeria;Algieria;Algeriet
DZA;Alžírsko;Algerien;Algeria;Argelia;Algérie;Alžir;Algeria;Algieria;Algeriet
EC;Ekvádor;Ecuador;Ecuador;Ecuador;Équateur;Ekvador;Ecuador;Ekwador;Ecuador
ECU;Ekvádor;Ecuador;Ecuador;Ecuador;Équateur;Ekvador;Ecuador;Ekwador;Ecuador
EE;Estonsko;Estland;Estonia;Estonia;Estonie;Estonija;Estonia;Estonia;Estland
EG;Egypt;Ägypten;Egypt;Egipto;Égypte;Egipat;Egitto;Egipt;Egypten
EGY;Egypt;Ägypten;Egypt;Egipto;Égypte;Egipat;Egitto;Egipt;Egypten
EH;Západní Sahara;Westsahara;Western Sahara;República Árabe Saharaui Democrática;Sahara occidental;Zapadna Sahara;Sahara occidentale;Sahara Zachodnia;Västsahara
ER;Eritrea;Eritrea;Eritrea;Eritrea;Érythrée;Eritreja;Eritrea;Erytrea;Eritrea
ERI;Eritrea;Eritrea;Eritrea;Eritrea;Érythrée;Eritreja;Eritrea;Erytrea;Eritrea
ES;Španělsko;Spanien;Spain;España;Espagne;Španjolska;Spagna;Hiszpania;Spanien
ESH;Západní Sahara;Westsahara;Western Sahara;República Árabe Saharaui Democrática;Sahara occidental;Zapadna Sahara;Sahara occidentale;Sahara Zachodnia;Västsahara
ESP;Španělsko;Spanien;Spain;España;Espagne;Španjolska;Spagna;Hiszpania;Spanien
EST;Estonsko;Estland;Estonia;Estonia;Estonie;Estonija;Estonia;Estonia;Estland
ET;Etiopie;Äthiopien;Ethiopia;Etiopía;Éthiopie;Etiopija;Etiopia;Etiopia;Etiopien
ETH;Etiopie;Äthiopien;Ethiopia;Etiopía;Éthiopie;Etiopija;Etiopia;Etiopia;Etiopien
FI;Finsko;Finnland;Finland;Finlandia;Finlande;Finska;Finlandia;Finlandia;Finland
FIN;Finsko;Finnland;Finland;Finlandia;Finlande;Finska;Finlandia;Finlandia;Finland
FJ;Fidži;Fidschi;Fiji;Fiyi;Fidji;Fidži;Figi;Fidżi;Fiji
FJI;Fidži;Fidschi;Fiji;Fiyi;Fidji;Fidži;Figi;Fidżi;Fiji
FK;Falklandy (Malvíny);Falklandinseln;Falkland Islands;Islas Malvinas;Îles Falkland;Falklandski otoci;Isole Falkland;Falklandy;Falklandsöarna
FLK;Falklandy (Malvíny);Falklandinseln;Falkland Islands;Islas Malvinas;Îles Falkland;Falklandski otoci;Isole Falkland;Falklandy;Falklandsöarna
FM;Mikronésie;Mikronesien;Micronesia;Micronesia;Micronésie;Mikronezija;Micronesia;Mikronezja;Mikronesiska federationen
FO;Faerské ostrovy;Färöer;Faroe Islands;Islas Feroe;Îles Féroé;Farski otoci;Isole Faroe;Wyspy Owcze;Färöarna
FR;Francie;Frankreich;France;Francia;France;Francuska;Francia;Francja;Frankrike
FRA;Francie;Frankreich;France;Francia;France;Francuska;Francia;Francja;Frankrike
FRO;Faerské ostrovy;Färöer;Faroe Islands;Islas Feroe;Îles Féroé;Farski otoci;Isole Faroe;Wyspy Owcze;Färöarna
FSM;Mikronésie;Mikronesien;Micronesia;Micronesia;Micronésie;Mikronezija;Micronesia;Mikronezja;Mikronesiska federationen
GA;Gabon;Gabun;Gabon;Gabón;Gabon;Gabon;Gabon;Gabon;Gabon
GAB;Gabon;Gabun;Gabon;Gabón;Gabon;Gabon;Gabon;Gabon;Gabon
GB;Spojené království Velké Británie a Severního Irska;Vereinigtes Königreich;United Kingdom of Great Britain and Northern Ireland;Reino Unido;Royaume-Uni;Ujedinjeno Kraljevstvo;Regno Unito;Wielka Brytania;Storbritannien
GBR;Spojené království Velké Británie a Severního Irska;Vereinigtes Königreich;United Kingdom of Great Britain and Northern Ireland;Reino Unido;Royaume-Uni;Ujedinjeno Kraljevstvo;Regno Unito;Wielka Brytania;Storbritannien
GD;Grenada;Grenada;Grenada;Granada;Grenade;Grenada;Grenada;Grenada;Grenada
GE;Gruzie;Georgien;Georgia;Georgia;Géorgie;Gruzija;Georgia;Gruzja;Georgien
GEO;Gruzie;Georgien;Georgia;Georgia;Géorgie;Gruzija;Georgia;Gruzja;Georgien
GF;Francouzská Guyana;Französisch-Guayana;French Guiana;Guayana Francesa;Guyane française;Francuska Gijana;Guiana Francese;Gujana Francuska;Franska Guyana
GG;Guernsey;Guernsey;Guernsey;Guernsey;Guernesey;Guernsey;Guernsey;Guernsey;Guernsey
GGY;Guernsey;Guernsey;Guernsey;Guernsey;Guernesey;Guernsey;Guernsey;Guernsey;Guernsey
GH;Ghana;Ghana;Ghana;Ghana;Ghana;Gana;Ghana;Ghana;Ghana
GHA;Ghana;Ghana;Ghana;Ghana;Ghana;Gana;Ghana;Ghana;Ghana
GI;Gibraltar;Gibraltar;Gibraltar;Gibraltar;Gibraltar;Gibraltar;Gibilterra;Gibraltar;Gibraltar
GIB;Gibraltar;Gibraltar;Gibraltar;Gibraltar;Gibraltar;Gibraltar;Gibilterra;Gibraltar;Gibraltar
GIN;Guinea;Guinea;Guinea;Guinea;Guinée;Gvineja;Guinea;Gwinea;Guinea
GL;Grónsko;Grönland;Greenland;Groenlandia;Groenland;Grenland;Groenlandia;Grenlandia;Grönland
GLP;Guadeloupe;Guadeloupe;Guadeloupe;Guadalupe;Guadeloupe;Guadalupe;Guadalupa;Gwadelupa;Guadeloupe
GM;Gambie;Gambia;Gambia;Gambia;Gambie;Gambija;Gambia;Gambia;Gambia
GMB;Gambie;Gambia;Gambia;Gambia;Gambie;Gambija;Gambia;Gambia;Gambia
GN;Guinea;Guinea;Guinea;Guinea;Guinée;Gvineja;Guinea;Gwinea;Guinea
GNB;Guinea-Bissau;Guinea-Bissau;Guinea-Bissau;Guinea-Bisáu;Guinée-Bissau;Gvineja Bisau;Guinea-Bissau;Gwinea Bissau;Guinea-Bissau
GNQ;Rovníková Guinea;Äquatorialguinea;Equatorial Guinea;Guinea Ecuatorial;Guinée équatoriale;Ekvatorska Gvineja;Guinea Equatoriale;Gwinea Równikowa;Ekvatorialguinea
GP;Guadeloupe;Guadeloupe;Guadeloupe;Guadalupe;Guadeloupe;Guadalupe;Guadalupa;Gwadelupa;Guadeloupe
GQ;Rovníková Guinea;Äquatorialguinea;Equatorial Guinea;Guinea Ecuatorial;Guinée équatoriale;Ekvatorska Gvineja;Guinea Equatoriale;Gwinea Równikowa;Ekvatorialguinea
GR;Řecko;Griechenland;Greece;Grecia;Grèce;Grčka;Grecia;Grecja;Grekland
GRC;Řecko;Griechenland;Greece;Grecia;Grèce;Grčka;Grecia;Grecja;Grekland
GRD;Grenada;Grenada;Grenada;Granada;Grenade;Grenada;Grenada;Grenada;Grenada
GRL;Grónsko;Grönland;Greenland;Groenlandia;Groenland;Grenland;Groenlandia;Grenlandia;Grönland
GS;Jižní Georgie a Jižní Sandwichovy ostrovy;Südgeorgien und die Südlichen Sandwichinseln;South Georgia and the South Sandwich Islands;Islas Georgias del Sur y Sandwich del Sur;Géorgie du Sud et îles Sandwich du Sud;Južna Georgija i Južni Sendvički Otoci;Georgia del Sud e Isole Sandwich del Sud;Georgia Południowa i Sandwich Południowy;Sydgeorgien
GT;Guatemala;Guatemala;Guatemala;Guatemala;Guatemala;Gvatemala;Guatemala;Gwatemala;Guatemala
GTM;Guatemala;Guatemala;Guatemala;Guatemala;Guatemala;Gvatemala;Guatemala;Gwatemala;Guatemala
GU;Guam;Guam;Guam;Guam;Guam;Guam;Guam;Guam;Guam
GUF;Francouzská Guyana;Französisch-Guayana;French Guiana;Guayana Francesa;Guyane française;Francuska Gijana;Guiana Francese;Gujana Francuska;Franska Guyana
GUM;Guam;Guam;Guam;Guam;Guam;Guam;Guam;Guam;Guam
GUY;Guyana;Guyana;Guyana;Guyana;Guyana;Gvajana;Guyana;Gujana;Guyana
GW;Guinea-Bissau;Guinea-Bissau;Guinea-Bissau;Guinea-Bisáu;Guinée-Bissau;Gvineja Bisau;Guinea-Bissau;Gwinea Bissau;Guinea-Bissau
GY;Guyana;Guyana;Guyana;Guyana;Guyana;Gvajana;Guyana;Gujana;Guyana
HK;Hongkong;Hongkong;Hong Kong;Hong Kong;Hong Kong;PUP Hong Kong Kina;Hong Kong;Hongkong;Hongkong
HKG;Hongkong;Hongkong;Hong Kong;Hong Kong;Hong Kong;PUP Hong Kong Kina;Hong Kong;Hongkong;Hongkong
HM;Heardův ostrov a McDonaldovy ostrovy;Heard und McDonaldinseln;Heard Island and McDonald Islands;Islas Heard y McDonald;Heard et îles McDonald;Otoci Heard i McDonald;Isole Heard e McDonald;Wyspy Heard i McDonalda;Heard- och McDonaldöarna
HMD;Heardův ostrov a McDonaldovy ostrovy;Heard und McDonaldinseln;Heard Island and McDonald Islands;Islas Heard y McDonald;Heard et îles McDonald;Otoci Heard i McDonald;Isole Heard e McDonald;Wyspy Heard i McDonalda;Heard- och McDonaldöarna
HN;Honduras;Honduras;Honduras;Honduras;Honduras;Honduras;Honduras;Honduras;Honduras
HND;Honduras;Honduras;Honduras;Honduras;Honduras;Honduras;Honduras;Honduras;Honduras
HR;Chorvatsko;Kroatien;Croatia;Croacia;Croatie;Hrvatska;Croazia;Chorwacja;Kroatien
HRV;Chorvatsko;Kroatien;Croatia;Croacia;Croatie;Hrvatska;Croazia;Chorwacja;Kroatien
HT;Haiti;Haiti;Haiti;Haití;Haïti;Haiti;Haiti;Haiti;Haiti
HTI;Haiti;Haiti;Haiti;Haití;Haïti;Haiti;Haiti;Haiti;Haiti
HU;Maďarsko;Ungarn;Hungary;Hungría;Hongrie;Mađarska;Ungheria;Węgry;Ungern
HUN;Maďarsko;Ungarn;Hungary;Hungría;Hongrie;Mađarska;Ungheria;Węgry;Ungern
ID;Indonésie;Indonesien;Indonesia;Indonesia;Indonésie;Indonezija;Indonesia;Indonezja;Indonesien
IDN;Indonésie;Indonesien;Indonesia;Indonesia;Indonésie;Indonezija;Indonesia;Indonezja;Indonesien
IE;Irsko;Irland;Ireland;Irlanda;Irlande;Irska;Irlanda;Irlandia;Irland
IL;Izrael;Israel;Israel;Israel;Israël;Izrael;Israele;Izrael;Israel
IM;Ostrov Man;Insel Man;Isle of Man;Isla de Man;Île de Man;Otok Man;Isola di Man;Wyspa Man;Isle of Man
IMN;Ostrov Man;Insel Man;Isle of Man;Isla de Man;Île de Man;Otok Man;Isola di Man;Wyspa Man;Isle of Man
IN;Indie;Indien;India;India;Inde;Indija;India;Indie;Indien
IND;Indie;Indien;India;India;Inde;Indija;India;Indie;Indien
IO;Britské indickooceánské území;Britisches Territorium im Indischen Ozean;British Indian Ocean Territory;Territorio Británico del Océano Índico;Territoire britannique de l'océan Indien;Britanski Indijskooceanski teritorij;Territorio britannico dell'Oceano Indiano;Brytyjskie Terytorium Oceanu Indyjskiego;Brittiska territoriet i Indiska Oceanen
IOT;Britské indickooceánské území;Britisches Territorium im Indischen Ozean;British Indian Ocean Territory;Territorio Británico del Océano Índico;Territoire britannique de l'océan Indien;Britanski Indijskooceanski teritorij;Territorio britannico dell'Oceano Indiano;Brytyjskie Terytorium Oceanu Indyjskiego;Brittiska territoriet i Indiska Oceanen
IQ;Irák;Irak;Iraq;Irak;Irak;Irak;Iraq;Irak;Irak
IR;Írán;Iran;Iran;Irán;Iran;Iran;Iran;Iran;Iran
IRL;Irsko;Irland;Ireland;Irlanda;Irlande;Irska;Irlanda;Irlandia;Irland
IRN;Írán;Iran;Iran;Irán;Iran;Iran;Iran;Iran;Iran
IRQ;Irák;Irak;Iraq;Irak;Irak;Irak;Iraq;Irak;Irak
IS;Island;Island;Iceland;Islandia;Islande;Island;Islanda;Islandia;Island
ISL;Island;Island;Iceland;Islandia;Islande;Island;Islanda;Islandia;Island
ISR;Izrael;Israel;Israel;Israel;Israël;Izrael;Israele;Izrael;Israel
IT;Itálie;Italien;Italy;Italia;Italie;Italija;Italia;Włochy;Italien
ITA;Itálie;Italien;Italy;Italia;Italie;Italija;Italia;Włochy;Italien
JAM;Jamajka;Jamaika;Jamaica;Jamaica;Jamaïque;Jamajka;Giamaica;Jamajka;Jamaica
JE;Jersey;Jersey;Jersey;Jersey;Jersey;Jersey;Jersey;Jersey;Jersey
JEY;Jersey;Jersey;Jersey;Jersey;Jersey;Jersey;Jersey;Jersey;Jersey
JM;Jamajka;Jamaika;Jamaica;Jamaica;Jamaïque;Jamajka;Giamaica;Jamajka;Jamaica
JO;Jordánsko;Jordanien;Jordan;Jordania;Jordanie;Jordan;Giordania;Jordania;Jordanien
JOR;Jordánsko;Jordanien;Jordan;Jordania;Jordanie;Jordan;Giordania;Jordania;Jordanien
JP;Japonsko;Japan;Japan;Japón;Japon;Japan;Giappone;Japonia;Japan
JPN;Japonsko;Japan;Japan;Japón;Japon;Japan;Giappone;Japonia;Japan
KAZ;Kazachstán;Kasachstan;Kazakhstan;Kazajistán;Kazakhstan;Kazahstan;Kazakistan;Kazachstan;Kazakstan
KE;Keňa;Kenia;Kenya;Kenia;Kenya;Kenija;Kenya;Kenia;Kenya
KEN;Keňa;Kenia;Kenya;Kenia;Kenya;Kenija;Kenya;Kenia;Kenya
KG;Kyrgyzstán;Kirgisistan;Kyrgyzstan;Kirguistán;Kirghizistan;Kirgistan;Kirghizistan;Kirgistan;Kirgizistan
KGZ;Kyrgyzstán;Kirgisistan;Kyrgyzstan;Kirguistán;Kirghizistan;Kirgistan;Kirghizistan;Kirgistan;Kirgizistan
KH;Kambodža;Kambodscha;Cambodia;Camboya;Cambodge;Kambodža;La Cambogia;Kambodża;Kambodja
KHM;Kambodža;Kambodscha;Cambodia;Camboya;Cambodge;Kambodža;Cambogia;Kambodża;Kambodja
KI;Kiribati;Kiribati;Kiribati;Kiribati;Kiribati;Kiribati;Kiribati;Kiribati;Kiribati
KIR;Kiribati;Kiribati;Kiribati;Kiribati;Kiribati;Kiribati;Kiribati;Kiribati;Kiribati
KM;Komory;Komoren;Comoros;Comoras;Comores;Komori;Comore;Komory;Komorerna
KN;Svatý Kryštof a Nevis;St. Kitts und Nevis;Saint Kitts and Nevis;San Cristóbal y Nieves;Saint-Kitts-et-Nevis;Sveti Kristofor i Nevis;Saint Kitts e Nevis;Saint Kitts i Nevis;Saint Kitts och Nevis
KNA;Svatý Kryštof a Nevis;St. Kitts und Nevis;Saint Kitts and Nevis;San Cristóbal y Nieves;Saint-Kitts-et-Nevis;Sveti Kristofor i Nevis;Saint Kitts e Nevis;Saint Kitts i Nevis;Saint Kitts och Nevis
KOR;Jižní Korea;Südkorea;South Korea;Corea del Sur;Corée du Sud;Južna Koreja;Corea del Sud;Korea Południowa;Sydkorea
KP;Severní Korea;Nordkorea;North Korea;Corea del Norte;Corée du Nord;Sjeverna Koreja;Corea del Nord;Korea Północna;Nordkorea
KR;Jižní Korea;Südkorea;South Korea;Corea del Sur;Corée du Sud;Južna Koreja;Corea del Sud;Korea Południowa;Sydkorea
KW;Kuvajt;Kuwait;Kuwait;Kuwait;Koweït;Kuvajt;Kuwait;Kuwejt;Kuwait
KWT;Kuvajt;Kuwait;Kuwait;Kuwait;Koweït;Kuvajt;Kuwait;Kuwejt;Kuwait
KY;Kajmanské ostrovy;Kaimaninseln;Cayman Islands;Islas Caimán;Îles Caïmans;Kajmanski otoci;Isole Cayman;Kajmany;Caymanöarna
KZ;Kazachstán;Kasachstan;Kazakhstan;Kazajistán;Kazakhstan;Kazahstan;Kazakistan;Kazachstan;Kazakstan
LA;Laos;Laos;Lao People's Democratic Republic;Laos;Laos;Laos;Laos;Laos;Laos
LAO;Laos;Laos;Lao People's Democratic Republic;Laos;Laos;Laos;Laos;Laos;Laos
LB;Libanon;Libanon;Lebanon;Líbano;Liban;Libanon;Libano;Liban;Libanon
LBN;Libanon;Libanon;Lebanon;Líbano;Liban;Libanon;Libano;Liban;Libanon
LBR;Libérie;Liberia;Liberia;Liberia;Libéria;Liberija;Liberia;Liberia;Liberia
LBY;Libye;Libyen;Libya;Libia;Libye;Libija;Libia;Libia;Libyen
LC;Svatá Lucie;St. Lucia;Saint Lucia;Santa Lucía;Sainte-Lucie;Sveta Lucija;Santa Lucia;Saint Lucia;Saint Lucia
LCA;Svatá Lucie;St. Lucia;Saint Lucia;Santa Lucía;Sainte-Lucie;Sveta Lucija;Santa Lucia;Saint Lucia;Saint Lucia
LI;Lichtenštejnsko;Liechtenstein;Liechtenstein;Liechtenstein;Liechtenstein;Lihtenštajn;Liechtenstein;Liechtenstein;Liechtenstein
LIE;Lichtenštejnsko;Liechtenstein;Liechtenstein;Liechtenstein;Liechtenstein;Lihtenštajn;Liechtenstein;Liechtenstein;Liechtenstein
LK;Srí Lanka;Sri Lanka;Sri Lanka;Sri Lanka;Sri Lanka;Šri Lanka;Sri Lanka;Sri Lanka;Sri Lanka
LKA;Srí Lanka;Sri Lanka;Sri Lanka;Sri Lanka;Sri Lanka;Šri Lanka;Sri Lanka;Sri Lanka;Sri Lanka
LR;Libérie;Liberia;Liberia;Liberia;Libéria;Liberija;Liberia;Liberia;Liberia
LS;Lesotho;Lesotho;Lesotho;Lesoto;Lesotho;Lesoto;Lesotho;Lesotho;Lesotho
LSO;Lesotho;Lesotho;Lesotho;Lesoto;Lesotho;Lesoto;Lesotho;Lesotho;Lesotho
LT;Litva;Litauen;Lithuania;Lituania;Lituanie;Litva;Lituania;Litwa;Litauen
LTU;Litva;Litauen;Lithuania;Lituania;Lituanie;Litva;Lituania;Litwa;Litauen
LU;Lucembursko;Luxemburg;Luxembourg;Luxemburgo;Luxembourg;Luksemburg;Lussemburgo;Luksemburg;Luxemburg
LUX;Lucembursko;Luxemburg;Luxembourg;Luxemburgo;Luxembourg;Luksemburg;Lussemburgo;Luksemburg;Luxemburg
LV;Lotyšsko;Lettland;Latvia;Letonia;Lettonie;Latvija;Lettonia;Łotwa;Lettland
LVA;Lotyšsko;Lettland;Latvia;Letonia;Lettonie;Latvija;Lettonia;Łotwa;Lettland
LY;Libye;Libyen;Libya;Libia;Libye;Libija;Libia;Libia;Libyen
MA;Maroko;Marokko;Morocco;Marruecos;Maroc;Maroko;Marocco;Maroko;Marocko
MAC;Macao;Macau;Macao;Macao;Macao;PUP Makao Kina;Macao;Makau;Macao
MAF;Svatý Martin (francouzská část);Saint-Martin;Saint Martin;San Martín;Saint-Martin;Saint Martin;Saint-Martin;Saint-Martin;Saint-Martin
MAR;Maroko;Marokko;Morocco;Marruecos;Maroc;Maroko;Marocco;Maroko;Marocko
MC;Monako;Monaco;Monaco;Mónaco;Monaco;Monako;Monaco;Monako;Monaco
MCO;Monako;Monaco;Monaco;Mónaco;Monaco;Monako;Monaco;Monako;Monaco
MD;Moldavsko;Moldau;Moldova;Moldavia;Moldavie;Moldavija;Moldavia;Mołdawia;Moldavien
MDA;Moldavsko;Moldau;Moldova;Moldavia;Moldavie;Moldavija;Moldova;Mołdawia;Moldavien
MDG;Madagaskar;Madagaskar;Madagascar;Madagascar;Madagascar;Madagaskar;Madagascar;Madagaskar;Madagaskar
MDV;Maledivy;Malediven;Maldives;Maldivas;Maldives;Maldivi;Maldive;Malediwy;Maldiverna
ME;Černá Hora;Montenegro;Montenegro;Montenegro;Monténégro;Crna Gora;Montenegro;Czarnogóra;Montenegro
MEX;Mexiko;Mexiko;Mexico;México;Mexique;Meksiko;Messico;Meksyk;Mexiko
MF;Svatý Martin (francouzská část);Saint-Martin;Saint Martin;San Martín;Saint-Martin;Saint Martin;San Martino;Saint-Martin;Saint-Martin
MG;Madagaskar;Madagaskar;Madagascar;Madagascar;Madagascar;Madagaskar;Madagascar;Madagaskar;Madagaskar
MH;Marshallovy ostrovy;Marshallinseln;Marshall Islands;Islas Marshall;Îles Marshall;Maršalovi Otoci;Isole Marshall;Wyspy Marshalla;Marshallöarna
MHL;Marshallovy ostrovy;Marshallinseln;Marshall Islands;Islas Marshall;Îles Marshall;Maršalovi Otoci;Isole Marshall;Wyspy Marshalla;Marshallöarna
MK;Severní Makedonie;Nordmazedonien;North Macedonia;Macedonia del Norte;Macédoine du Nord;Sjeverna Makedonija;Macedonia del Nord;Macedonia Północna;Nordmakedonien
MKD;Severní Makedonie;Nordmazedonien;North Macedonia;Macedonia del Norte;Macédoine du Nord;Sjeverna Makedonija;Macedonia del Nord;Macedonia Północna;Nordmakedonien
ML;Mali;Mali;Mali;Malí;Mali;Mali;Mali;Mali;Mali
MLI;Mali;Mali;Mali;Malí;Mali;Mali;Mali;Mali;Mali
MLT;Malta;Malta;Malta;Malta;Malte;Malta;Malta;Malta;Malta
MM;Myanmar;Myanmar;Myanmar;Birmania;Myanmar;Mjanmar (Burma);Myanmar;Mjanma;Myanmar
MMR;Myanmar;Myanmar;Myanmar;Birmania;Myanmar;Mjanmar (Burma);Myanmar;Mjanma;Myanmar
MN;Mongolsko;Mongolei;Mongolia;Mongolia;Mongolie;Mongolija;Mongolia;Mongolia;Mongoliet
MNE;Černá Hora;Montenegro;Montenegro;Montenegro;Monténégro;Crna Gora;Montenegro;Czarnogóra;Montenegro
MNG;Mongolsko;Mongolei;Mongolia;Mongolia;Mongolie;Mongolija;Mongolia;Mongolia;Mongoliet
MNP;Severní Mariany;Nördliche Marianen;Northern Mariana Islands;Islas Marianas del Norte;Mariannes du Nord;Sjevernomarijanski otoci;Isole Marianne Settentrionali;Mariany Północne;Nordmarianerna
MO;Macao;Macau;Macao;Macao;Macao;PUP Makao Kina;Macao;Makau;Macao
MOZ;Mosambik;Mosambik;Mozambique;Mozambique;Mozambique;Mozambik;Mozambico;Mozambik;Moçambique
MP;Severní Mariany;Nördliche Marianen;Northern Mariana Islands;Islas Marianas del Norte;Mariannes du Nord;Sjevernomarijanski otoci;Isole Marianne Settentrionali;Mariany Północne;Nordmarianerna
MQ;Martinik;Martinique;Martinique;Martinica;Martinique;Martinique;Martinica;Martynika;Martinique
MR;Mauritánie;Mauretanien;Mauritania;Mauritania;Mauritanie;Mauretanija;Mauritania;Mauretania;Mauretanien
MRT;Mauritánie;Mauretanien;Mauritania;Mauritania;Mauritanie;Mauretanija;Mauritania;Mauretania;Mauretanien
MS;Montserrat;Montserrat;Montserrat;Montserrat;Montserrat;Montserrat;Montserrat;Montserrat;Montserrat
MSR;Montserrat;Montserrat;Montserrat;Montserrat;Montserrat;Montserrat;Montserrat;Montserrat;Montserrat
MT;Malta;Malta;Malta;Malta;Malte;Malta;Malta;Malta;Malta
MTQ;Martinik;Martinique;Martinique;Martinica;Martinique;Martinique;Martinica;Martynika;Martinique
MU;Mauricius;Mauritius;Mauritius;Mauricio;Île Maurice;Mauricijus;Mauritius;Mauritius;Mauritius
MUS;Mauricius;Mauritius;Mauritius;Mauricio;Île Maurice;Mauricijus;Mauritius;Mauritius;Mauritius
MV;Maledivy;Malediven;Maldives;Maldivas;Maldives;Maldivi;Maldive;Malediwy;Maldiverna
MW;Malawi;Malawi;Malawi;Malaui;Malawi;Malavi;Malawi;Malawi;Malawi
MWI;Malawi;Malawi;Malawi;Malaui;Malawi;Malavi;Malawi;Malawi;Malawi
MX;Mexiko;Mexiko;Mexico;México;Mexique;Meksiko;Messico;Meksyk;Mexiko
MY;Malajsie;Malaysia;Malaysia;Malasia;Malaisie;Malezija;Malesia;Malezja;Malaysia
MYS;Malajsie;Malaysia;Malaysia;Malasia;Malaisie;Malezija;Malesia;Malezja;Malaysia
MYT;Mayotte;Mayotte;Mayotte;Mayotte;Mayotte;Mayotte;Mayotte;Majotta;Mayotte
MZ;Mosambik;Mosambik;Mozambique;Mozambique;Mozambique;Mozambik;Mozambico;Mozambik;Moçambique
NA;Namibie;Namibia;Namibia;Namibia;Namibie;Namibija;Namibia;Namibia;Namibia
NAM;Namibie;Namibia;Namibia;Namibia;Namibie;Namibija;Namibia;Namibia;Namibia
NC;Nová Kaledonie;Neukaledonien;New Caledonia;Nueva Caledonia;Nouvelle-Calédonie;Nova Kaledonija;Nuova Caledonia;Nowa Kaledonia;Nya Kaledonien
NCL;Nová Kaledonie;Neukaledonien;New Caledonia;Nueva Caledonia;Nouvelle-Calédonie;Nova Kaledonija;Nuova Caledonia;Nowa Kaledonia;Nya Kaledonien
NE;Niger;Niger;Niger;Níger;Niger;Niger;Niger;Niger;Niger
NER;Niger;Niger;Niger;Níger;Niger;Niger;Niger;Niger;Niger
NF;Norfolk;Norfolkinsel;Norfolk Island;Isla Norfolk;Île de Norfolk;Otok Norfolk;Isola di Norfolk;Norfolk;Norfolkön
NFK;Norfolk;Norfolkinsel;Norfolk Island;Isla Norfolk;Île de Norfolk;Otok Norfolk;Isola di Norfolk;Norfolk;Norfolkön
NG;Nigérie;Nigeria;Nigeria;Nigeria;Nigeria;Nigerija;Nigeria;Nigeria;Nigeria
NGA;Nigérie;Nigeria;Nigeria;Nigeria;Nigeria;Nigerija;Nigeria;Nigeria;Nigeria
NI;Nikaragua;Nicaragua;Nicaragua;Nicaragua;Nicaragua;Nikaragva;Nicaragua;Nikaragua;Nicaragua
NIC;Nikaragua;Nicaragua;Nicaragua;Nicaragua;Nicaragua;Nikaragva;Nicaragua;Nikaragua;Nicaragua
NIU;Niue;Niue;Niue;Niue;Niue;Niue;Niue;Niue;Niue
NL;Nizozemsko;Niederlande;Netherlands;Países Bajos;Pays-Bas;Nizozemska;Paesi Bassi;Holandia;Nederländerna
NLD;Nizozemsko;Niederlande;Netherlands;Países Bajos;Pays-Bas;Nizozemska;Paesi Bassi;Holandia;Nederländerna
NO;Norsko;Norwegen;Norway;Noruega;Norvège;Norveška;Norvegia;Norwegia;Norge
NOR;Norsko;Norwegen;Norway;Noruega;Norvège;Norveška;Norvegia;Norwegia;Norge
NP;Nepál;Nepal;Nepal;Nepal;Népal;Nepal;Nepal;Nepal;Nepal
NPL;Nepál;Nepal;Nepal;Nepal;Népal;Nepal;Nepal;Nepal;Nepal
NR;Nauru;Nauru;Nauru;Nauru;Nauru;Nauru;Nauru;Nauru;Nauru
NRU;Nauru;Nauru;Nauru;Nauru;Nauru;Nauru;Nauru;Nauru;Nauru
NU;Niue;Niue;Niue;Niue;Niue;Niue;Niue;Niue;Niue
NZ;Nový Zéland;Neuseeland;New Zealand;Nueva Zelanda;Nouvelle-Zélande;Novi Zeland;Nuova Zelanda;Nowa Zelandia;Nya Zeeland
NZL;Nový Zéland;Neuseeland;New Zealand;Nueva Zelanda;Nouvelle-Zélande;Novi Zeland;Nuova Zelanda;Nowa Zelandia;Nya Zeeland
OM;Omán;Oman;Oman;Omán;Oman;Oman;Oman;Oman;Oman
OMN;Omán;Oman;Oman;Omán;Oman;Oman;Oman;Oman;Oman
PA;Panama;Panama;Panama;Panamá;Panama;Panama;Panama;Panama;Panama
PAK;Pákistán;Pakistan;Pakistan;Pakistán;Pakistan;Pakistan;Pakistan;Pakistan;Pakistan
PAN;Panama;Panama;Panama;Panamá;Panama;Panama;Panama;Panama;Panama
PCN;Pitcairnovy ostrovy;Pitcairninseln;Pitcairn;Islas Pitcairn;Îles Pitcairn;Otoci Pitcairn;Isole Pitcairn;Pitcairn;Pitcairnöarna
PE;Peru;Peru;Peru;Perú;Pérou;Peru;Perù;Peru;Peru
PER;Peru;Peru;Peru;Perú;Pérou;Peru;Perù;Peru;Peru
PF;Francouzská Polynésie;Französisch-Polynesien;French Polynesia;Polinesia Francesa;Polynésie française;Francuska Polinezija;Polinesia Francese;Polinezja Francuska;Franska Polynesien
PG;Papua Nová Guinea;Papua-Neuguinea;Papua New Guinea;Papúa Nueva Guinea;Papouasie-Nouvelle-Guinée;Papua Nova Gvineja;Papua Nuova Guinea;Papua-Nowa Gwinea;Papua Nya Guinea
PH;Filipíny;Philippinen;Philippines;Filipinas;Philippines;Filipini;Filippine;Filipiny;Filippinerna
PHL;Filipíny;Philippinen;Philippines;Filipinas;Philippines;Filipini;Filippine;Filipiny;Filippinerna
PK;Pákistán;Pakistan;Pakistan;Pakistán;Pakistan;Pakistan;Pakistan;Pakistan;Pakistan
PL;Polsko;Polen;Poland;Polonia;Pologne;Poljska;Polonia;Polska;Polen
PLW;Palau;Palau;Palau;Palaos;Palau;Palau;Palau;Palau;Palau
PM;Saint Pierre a Miquelon;Saint-Pierre und Miquelon;Saint Pierre and Miquelon;San Pedro y Miquelón;Saint-Pierre-et-Miquelon;Saint-Pierre-et-Miquelon;Saint-Pierre e Miquelon;Saint-Pierre i Miquelon;Saint-Pierre och Miquelon
PN;Pitcairnovy ostrovy;Pitcairninseln;Pitcairn;Islas Pitcairn;Îles Pitcairn;Otoci Pitcairn;Isole Pitcairn;Pitcairn;Pitcairnöarna
PNG;Papua Nová Guinea;Papua-Neuguinea;Papua New Guinea;Papúa Nueva Guinea;Papouasie-Nouvelle-Guinée;Papua Nova Gvineja;Papua Nuova Guinea;Papua-Nowa Gwinea;Papua Nya Guinea
POL;Polsko;Polen;Poland;Polonia;Pologne;Poljska;Polonia;Polska;Polen
PR;Portoriko;Puerto Rico;Puerto Rico;Puerto Rico;Porto Rico;Portoriko;Porto Rico;Portoryko;Puerto Rico
PRI;Portoriko;Puerto Rico;Puerto Rico;Puerto Rico;Porto Rico;Portoriko;Porto Rico;Portoryko;Puerto Rico
PRK;Severní Korea;Nordkorea;North Korea;Corea del Norte;Corée du Nord;Sjeverna Koreja;Corea del Nord;Korea Północna;Nordkorea
PRT;Portugalsko;Portugal;Portugal;Portugal;Portugal;Portugal;Portogallo;Portugalia;Portugal
PRY;Paraguay;Paraguay;Paraguay;Paraguay;Paraguay;Paragvaj;Paraguay;Paragwaj;Paraguay
PS;Palestinská autonomie;Palästina;Palestine;Palestina;Palestine;Palestinsko područje;Palestina;Palestyna;Palestina
PSE;Palestinská autonomie;Palästina;Palestine;Palestina;Palestine;Palestinsko područje;Palestina;Palestyna;Palestina
PT;Portugalsko;Portugal;Portugal;Portugal;Portugal;Portugal;Portogallo;Portugalia;Portugal
PW;Palau;Palau;Palau;Palaos;Palau;Palau;Palau;Palau;Palau
PY;Paraguay;Paraguay;Paraguay;Paraguay;Paraguay;Paragvaj;Paraguay;Paragwaj;Paraguay
PYF;Francouzská Polynésie;Französisch-Polynesien;French Polynesia;Polinesia Francesa;Polynésie française;Francuska Polinezija;Polinesia Francese;Polinezja Francuska;Franska Polynesien
QA;Katar;Katar;Qatar;Catar;Qatar;Katar;Qatar;Katar;Qatar
QAT;Katar;Katar;Qatar;Catar;Qatar;Katar;Qatar;Katar;Qatar
RE;Réunion;Réunion;Réunion;Reunión;Réunion;Réunion;Riunione;Reunion;Réunion
REU;Réunion;Réunion;Réunion;Reunión;Réunion;Réunion;Riunione;Reunion;Réunion
RO;Rumunsko;Rumänien;Romania;Rumania;Roumanie;Rumunjska;Romania;Rumunia;Rumänien
ROU;Rumunsko;Rumänien;Romania;Rumania;Roumanie;Rumunjska;Romania;Rumunia;Rumänien
RS;Srbsko;Serbien;Serbia;Serbia;Serbie;Srbija;Serbia;Serbia;Serbien
RU;Rusko;Russland;Russian Federation;Rusia;Russie;Rusija;Russia;Rosja;Ryssland
RUS;Rusko;Russland;Russian Federation;Rusia;Russie;Rusija;Russia;Rosja;Ryssland
RW;Rwanda;Ruanda;Rwanda;Ruanda;Rwanda;Ruanda;Ruanda;Rwanda;Rwanda
RWA;Rwanda;Ruanda;Rwanda;Ruanda;Rwanda;Ruanda;Ruanda;Rwanda;Rwanda
SA;Saúdská Arábie;Saudi-Arabien;Saudi Arabia;Arabia Saudita;Arabie saoudite;Saudijska Arabija;Arabia Saudita;Arabia Saudyjska;Saudiarabien
SAU;Saúdská Arábie;Saudi-Arabien;Saudi Arabia;Arabia Saudita;Arabie saoudite;Saudijska Arabija;Arabia Saudita;Arabia Saudyjska;Saudiarabien
SB;Šalomounovy ostrovy;Salomonen;Solomon Islands;Islas Salomón;Îles Salomon;Salomonski Otoci;Isole Salomone;Wyspy Salomona;Salomonöarna
SC;Seychely;Seychellen;Seychelles;Seychelles;Seychelles;Sejšeli;Seychelles;Seszele;Seychellerna
SD;Súdán;Sudan;Sudan;Sudán;Soudan;Sudan;Sudan;Sudan;Sudan
SDN;Súdán;Sudan;Sudan;Sudán;Soudan;Sudan;Sudan;Sudan;Sudan
SE;Švédsko;Schweden;Sweden;Suecia;Suède;Švedska;Svezia;Szwecja;Sverige
SEN;Senegal;Senegal;Senegal;Senegal;Sénégal;Senegal;Senegal;Senegal;Senegal
SG;Singapur;Singapur;Singapore;Singapur;Singapour;Singapur;Singapore;Singapur;Singapore
SGP;Singapur;Singapur;Singapore;Singapur;Singapour;Singapur;Singapore;Singapur;Singapore
SGS;Jižní Georgie a Jižní Sandwichovy ostrovy;Südgeorgien und die Südlichen Sandwichinseln;South Georgia and the South Sandwich Islands;Islas Georgias del Sur y Sandwich del Sur;Géorgie du Sud et îles Sandwich du Sud;Južna Georgija i Južni Sendvički Otoci;Georgia del Sud e Isole Sandwich del Sud;Georgia Południowa i Sandwich Południowy;Sydgeorgien
SH;Svatá Helena, Ascension a Tristan da Cunha;St. Helena;Saint Helena;Santa Elena, Ascensión y Tristán de Acuña;Sainte-Hélène;Sveta Helena;Sant'Elena;Wyspa Świętej Heleny, Wyspa Wniebowstąpienia i Tristan da Cunha;Sankta Helena
SHN;Svatá Helena, Ascension a Tristan da Cunha;St. Helena;Saint Helena;Santa Elena, Ascensión y Tristán de Acuña;Sainte-Hélène;Sveta Helena;Sant'Elena;Wyspa Świętej Heleny, Wyspa Wniebowstąpienia i Tristan da Cunha;Sankta Helena
SI;Slovinsko;Slowenien;Slovenia;Eslovenia;Slovénie;Slovenija;Slovenia;Słowenia;Slovenien
SJ;Špicberky a Jan Mayen;Spitzbergen und Jan Mayen;Svalbard and Jan Mayen;Svalbard y Jan Mayen;Svalbard et Jan Mayen;Svalbard i Jan Mayen;Spitsbergen e Jan Mayen;Svalbard i Jan Mayen;Svalbard och Jan Mayen
SJM;Špicberky a Jan Mayen;Spitzbergen und Jan Mayen;Svalbard and Jan Mayen;Svalbard y Jan Mayen;Svalbard et Jan Mayen;Svalbard i Jan Mayen;Spitsbergen e Jan Mayen;Svalbard i Jan Mayen;Svalbard och Jan Mayen
SK;Slovensko;Slowakei;Slovakia;Eslovaquia;Slovaquie;Slovačka;Slovacchia;Słowacja;Slovakien
SL;Sierra Leone;Sierra Leone;Sierra Leone;Sierra Leona;Sierra Leone;Sijera Leone;Sierra Leone;Sierra Leone;Sierra Leone
SLB;Šalomounovy ostrovy;Salomonen;Solomon Islands;Islas Salomón;Iles Salomon;Salomonski Otoci;Isole Salomone;Wyspy Salomona;Salomonöarna
SLE;Sierra Leone;Sierra Leone;Sierra Leone;Sierra Leona;Sierra Leone;Sijera Leone;Sierra Leone;Sierra Leone;Sierra Leone
SLV;Salvador;El Salvador;El Salvador;El Salvador;Salvador;Salvador;El Salvador;Salwador;El Salvador
SM;San Marino;San Marino;San Marino;San Marino;Saint-Marin;San Marino;San Marino;San Marino;San Marino
SMR;San Marino;San Marino;San Marino;San Marino;Saint-Marin;San Marino;San Marino;San Marino;San Marino
SN;Senegal;Senegal;Senegal;Senegal;Sénégal;Senegal;Senegal;Senegal;Senegal
SO;Somálsko;Somalia;Somalia;Somalia;Somalie;Somalija;Somalia;Somalia;Somalia
SOM;Somálsko;Somalia;Somalia;Somalia;Somalie;Somalija;Somalia;Somalia;Somalia
SPM;Saint Pierre a Miquelon;Saint-Pierre und Miquelon;Saint Pierre and Miquelon;San Pedro y Miquelón;Saint-Pierre-et-Miquelon;Saint-Pierre-et-Miquelon;Saint-Pierre e Miquelon;Saint-Pierre i Miquelon;Saint-Pierre och Miquelon
SR;Surinam;Suriname;Suriname;Surinam;Suriname;Surinam;Suriname;Surinam;Surinam
SRB;Srbsko;Serbien;Serbia;Serbia;Serbie;Srbija;Serbia;Serbia;Serbien
SS;Jižní Súdán;Südsudan;South Sudan;Sudán del Sur;Soudan du Sud;Južni Sudan;Sud Sudan;Sudan Południowy;Sydsudan
SSD;Jižní Súdán;Südsudan;South Sudan;Sudán del Sur;Soudan du Sud;Južni Sudan;Sud Sudan;Sudan Południowy;Sydsudan
ST;Svatý Tomáš a Princův ostrov;São Tomé und Príncipe;Sao Tome and Principe;Santo Tomé y Príncipe;São Tomé et Príncipe;Sveti Toma i Princip;São Tomé e Príncipe;Wyspy Świętego Tomasza i Książęca;São Tomé och Príncipe
STP;Svatý Tomáš a Princův ostrov;São Tomé und Príncipe;Sao Tome and Principe;Santo Tomé y Príncipe;São Tomé et Príncipe;Sveti Toma i Princip;São Tomé e Príncipe;Wyspy Świętego Tomasza i Książęca;São Tomé och Príncipe
SUR;Surinam;Suriname;Suriname;Surinam;Suriname;Surinam;Suriname;Surinam;Surinam
SV;Salvador;El Salvador;El Salvador;El Salvador;Salvador;Salvador;El Salvador;Salwador;El Salvador
SVK;Slovensko;Slowakei;Slovakia;Eslovaquia;Slovaquie;Slovačka;Slovacchia;Słowacja;Slovakien
SVN;Slovinsko;Slowenien;Slovenia;Eslovenia;Slovénie;Slovenija;Slovenia;Słowenia;Slovenien
SWE;Švédsko;Schweden;Sweden;Suecia;Suède;Švedska;Svezia;Szwecja;Sverige
SWZ;Svazijsko;Eswatini;Eswatini;Suazilandia;Eswatini;Esvatini;Eswatini;Eswatini;Swaziland
SX;Svatý Martin (nizozemská část);Sint Maarten;Sint Maarten;San Martín;Sint Maarten;Sint Maarten;Sint Maarten;Sint Maarten;Sint Maarten
SXM;Svatý Martin (nizozemská část);Sint Maarten;Sint Maarten;San Martín;Sint Maarten;Sint Maarten;Sint Maarten;Sint Maarten;Sint Maarten
SY;Sýrie;Syrien;Syrian Arab Republic;Siria;Syrie;Sirija;Siria;Syria;Syrien
SYC;Seychely;Seychellen;Seychelles;Seychelles;Seychelles;Sejšeli;Seychelles;Seszele;Seychellerna
SYR;Sýrie;Syrien;Syrian Arab Republic;Siria;Syrie;Sirija;Siria;Syria;Syrien
SZ;Svazijsko;Eswatini;Eswatini;Suazilandia;Eswatini;Esvatini;Eswatini;Eswatini;Swaziland
TC;Turks a Caicos;Turks- und Caicosinseln;Turks and Caicos Islands;Islas Turcas y Caicos;Îles Turks et Caïques;Otoci Turks i Caicos;Isole Turks e Caicos;Turks i Caicos;Turks- och Caicosöarna
TCA;Turks a Caicos;Turks- und Caicosinseln;Turks and Caicos Islands;Islas Turcas y Caicos;Îles Turks et Caïques;Otoci Turks i Caicos;Isole Turks e Caicos;Turks i Caicos;Turks- och Caicosöarna
TCD;Čad;Tschad;Chad;Chad;Tchad;Čad;Ciad;Czad;Tchad
TD;Čad;Tschad;Chad;Chad;Tchad;Čad;Ciad;Czad;Tchad
TF;Francouzská jižní a antarktická území;Französische Süd- und Antarktisgebiete;French Southern Territories;Tierras Australes y Antárticas Francesas;Terres australes et antarctiques françaises;Francuski južni i antarktički teritoriji;Territori Francesi del Sud e dell'Antartide;Francuskie Terytoria Południowe i Antarktyczne;Franska södra territorierna
TG;Togo;Togo;Togo;Togo;Togo;Togo;Togo;Togo;Togo
TGO;Togo;Togo;Togo;Togo;Togo;Togo;Togo;Togo;Togo
TH;Thajsko;Thailand;Thailand;Tailandia;Thaïlande;Tajland;Tailandia;Tajlandia;Thailand
THA;Thajsko;Thailand;Thailand;Tailandia;Thaïlande;Tajland;Thailandia;Tajlandia;Thailand
TJ;Tádžikistán;Tadschikistan;Tajikistan;Tayikistán;Tadjikistan;Tadžikistan;Tagikistan;Tadżykistan;Tadzjikistan
TJK;Tádžikistán;Tadschikistan;Tajikistan;Tayikistán;Tadjikistan;Tadžikistan;Tagikistan;Tadżykistan;Tadzjikistan
TK;Tokelau;Tokelau;Tokelau;Tokelau;Tokelau;Tokelau;Tokelau;Tokelau;Tokelauöarna
TKL;Tokelau;Tokelau;Tokelau;Tokelau;Tokelau;Tokelau;Tokelau;Tokelau;Tokelauöarna
TKM;Turkmenistán;Turkmenistan;Turkmenistan;Turkmenistán;Turkménistan;Turkmenistan;Turkmenistan;Turkmenistan;Turkmenistan
TL;Východní Timor;Osttimor;Timor-Leste;Timor Oriental;Timor oriental;Timor-Leste;Timor Est;Timor Wschodni;Östtimor
TLS;Východní Timor;Osttimor;Timor-Leste;Timor Oriental;Timor oriental;Timor-Leste;Timor Est;Timor Wschodni;Östtimor
TM;Turkmenistán;Turkmenistan;Turkmenistan;Turkmenistán;Turkménistan;Turkmenistan;Turkmenistan;Turkmenistan;Turkmenistan
TN;Tunisko;Tunesien;Tunisia;Túnez;Tunisie;Tunis;Tunisia;Tunezja;Tunisien
TO;Tonga;Tonga;Tonga;Tonga;Tonga;Tonga;Tonga;Tonga;Tonga
TON;Tonga;Tonga;Tonga;Tonga;Tonga;Tonga;Tonga;Tonga;Tonga
TR;Turecko;Türkei;Turkey;Turquía;Turquie;Turska;Turchia;Turcja;Turkiet
TT;Trinidad a Tobago;Trinidad und Tobago;Trinidad and Tobago;Trinidad y Tobago;Trinité-et-Tobago;Trinidad i Tobago;Trinidad e Tobago;Trynidad i Tobago;Trinidad och Tobago
TTO;Trinidad a Tobago;Trinidad und Tobago;Trinidad and Tobago;Trinidad y Tobago;Trinidad et Tobago;Trinidad i Tobago;Trinidad e Tobago;Trynidad i Tobago;Trinidad och Tobago
TUN;Tunisko;Tunesien;Tunisia;Túnez;Tunisie;Tunis;Tunisia;Tunezja;Tunisien
TUR;Turecko;Türkei;Turkey;Turquía;Turquie;Turska;Turchia;Turcja;Turkiet
TUV;Tuvalu;Tuvalu;Tuvalu;Tuvalu;Tuvalu;Tuvalu;Tuvalu;Tuvalu;Tuvalu
TV;Tuvalu;Tuvalu;Tuvalu;Tuvalu;Tuvalu;Tuvalu;Tuvalu;Tuvalu;Tuvalu
TW;Tchaj-wan;Republik China;Taiwan;Taiwán (República de China);République de Chine;Tajvan;Repubblica di Cina;Tajwan;Taiwan
TWN;Tchaj-wan;Republik China;Taiwan;Taiwán (República de China);République de Chine;Tajvan;Repubblica di Cina;Tajwan;Taiwan
TZ;Tanzanie;Tansania;Tanzania;Tanzania;Tanzanie;Tanzanija;Tanzania;Tanzania;Tanzania
TZA;Tanzanie;Tansania;Tanzania;Tanzania;Tanzanie;Tanzanija;Tanzania;Tanzania;Tanzania
UA;Ukrajina;Ukraine;Ukraine;Ucrania;Ukraine;Ukrajina;Ucraina;Ukraina;Ukraina
UG;Uganda;Uganda;Uganda;Uganda;Ouganda;Uganda;Uganda;Uganda;Uganda
UGA;Uganda;Uganda;Uganda;Uganda;Ouganda;Uganda;Uganda;Uganda;Uganda
UKR;Ukrajina;Ukraine;Ukraine;Ucrania;Ukraine;Ukrajina;Ucraina;Ukraina;Ukraina
UM;Menší odlehlé ostrovy USA;United States Minor Outlying Islands;United States Minor Outlying Islands;Islas Ultramarinas Menores de los Estados Unidos;Îles mineures éloignées des États-Unis;Mali udaljeni otoci SAD-a;Isole minori degli Stati Uniti;Dalekie Wyspy Mniejsze Stanów Zjednoczonych;Förenta staternas mindre öar i Oceanien och Västindien
UMI;Menší odlehlé ostrovy USA;United States Minor Outlying Islands;United States Minor Outlying Islands;Islas Ultramarinas Menores de los Estados Unidos;Îles mineures éloignées des États-Unis;Mali udaljeni otoci SAD-a;Isole minori degli Stati Uniti;Dalekie Wyspy Mniejsze Stanów Zjednoczonych;Förenta staternas mindre öar i Oceanien och Västindien
URY;Uruguay;Uruguay;Uruguay;Uruguay;Uruguay;Urugvaj;Uruguay;Urugwaj;Uruguay
US;Spojené státy americké;Vereinigte Staaten;United States of America;Estados Unidos;États-Unis;Sjedinjene Američke Države;Stati Uniti d'America;Stany Zjednoczone;USA
USA;Spojené státy americké;Vereinigte Staaten;United States of America;Estados Unidos;États-unis;Sjedinjene Američke Države;Stati Uniti d'America;Stany Zjednoczone;USA
UY;Uruguay;Uruguay;Uruguay;Uruguay;Uruguay;Urugvaj;Uruguay;Urugwaj;Uruguay
UZ;Uzbekistán;Usbekistan;Uzbekistan;Uzbekistán;Ouzbékistan;Uzbekistan;Uzbekistan;Uzbekistan;Uzbekistan
UZB;Uzbekistán;Usbekistan;Uzbekistan;Uzbekistán;Ouzbékistan;Uzbekistan;Uzbekistan;Uzbekistan;Uzbekistan
VA;Vatikán;Vatikanstadt;Holy See;Vaticano, Ciudad del;Cité du Vatican;Vatikanski Grad;Città del Vaticano;Watykan;Vatikanstaten
VAT;Vatikán;Vatikanstadt;Holy See;Vaticano, Ciudad del;Cité du Vatican;Vatikanski Grad;Città del Vaticano;Watykan;Vatikanstaten
VC;Svatý Vincenc a Grenadiny;St. Vincent und die Grenadinen;Saint Vincent and the Grenadines;San Vicente y las Granadinas;Saint-Vincent-et-les-Grenadines;Sveti Vincent i Grenadini;Saint Vincent e Grenadine;Saint Vincent i Grenadyny;Saint Vincent och Grenadinerna
VCT;Svatý Vincenc a Grenadiny;St. Vincent und die Grenadinen;Saint Vincent and the Grenadines;San Vicente y las Granadinas;Saint-Vincent-et-les-Grenadines;Sveti Vincent i Grenadini;Saint Vincent e Grenadine;Saint Vincent i Grenadyny;Saint Vincent och Grenadinerna
VE;Venezuela;Venezuela;Venezuela;Venezuela;Venezuela;Venezuela;Venezuela;Wenezuela;Venezuela
VEN;Venezuela;Venezuela;Venezuela;Venezuela;Venezuela;Venezuela;Venezuela;Wenezuela;Venezuela
VG;Britské Panenské ostrovy;Britische Jungferninseln;Virgin Islands;Islas Vírgenes Británicas;Îles Vierges britanniques;Britanski Djevičanski otoci;Isole Vergini britanniche;Brytyjskie Wyspy Dziewicze;Brittiska Jungfruöarna
VGB;Britské Panenské ostrovy;Britische Jungferninseln;Virgin Islands;Islas Vírgenes Británicas;Îles Vierges britanniques;Britanski Djevičanski otoci;Isole Vergini Britanniche;Brytyjskie Wyspy Dziewicze;Brittiska Jungfruöarna
VI;Americké Panenské ostrovy;Amerikanische Jungferninseln;Virgin Islands;Islas Vírgenes de los Estados Unidos;Îles Vierges américaines;Američki Djevičanski otoci;Isole Vergini Americane;Wyspy Dziewicze Stanów Zjednoczonych;Amerikanska Jungfruöarna
VIR;Americké Panenské ostrovy;Amerikanische Jungferninseln;Virgin Islands;Islas Vírgenes de los Estados Unidos;Îles Vierges américaines;Američki Djevičanski otoci;Isole Vergini Americane;Wyspy Dziewicze Stanów Zjednoczonych;Amerikanska Jungfruöarna
VN;Vietnam;Vietnam;Viet Nam;Vietnam;Vietnam;Vijetnam;Vietnam;Wietnam;Vietnam
VNM;Vietnam;Vietnam;Viet Nam;Vietnam;Vietnam;Vijetnam;Vietnam;Wietnam;Vietnam
VU;Vanuatu;Vanuatu;Vanuatu;Vanuatu;Vanuatu;Vanuatu;Vanuatu;Vanuatu;Vanuatu
VUT;Vanuatu;Vanuatu;Vanuatu;Vanuatu;Vanuatu;Vanuatu;Vanuatu;Vanuatu;Vanuatu
WF;Wallis a Futuna;Wallis und Futuna;Wallis and Futuna;Wallis y Futuna;Wallis-et-Futuna;Wallis i Futuna;Wallis e Futuna;Wallis i Futuna;Wallis- och Futunaöarna
WLF;Wallis a Futuna;Wallis und Futuna;Wallis and Futuna;Wallis y Futuna;Wallis-et-Futuna;Wallis i Futuna;Wallis e Futuna;Wallis i Futuna;Wallis- och Futunaöarna
WS;Samoa;Samoa;Samoa;Samoa;Samoa;Samoa;Samoa;Samoa;Samoa
WSM;Samoa;Samoa;Samoa;Samoa;Samoa;Samoa;Samoa;Samoa;Samoa
YE;Jemen;Jemen;Yemen;Yemen;Yémen;Jemen;Yemen;Jemen;Jemen
YEM;Jemen;Jemen;Yemen;Yemen;Yémen;Jemen;Yemen;Jemen;Jemen
YT;Mayotte;Mayotte;Mayotte;Mayotte;Mayotte;Mayotte;Mayotte;Majotta;Mayotte
ZA;Jihoafrická republika;Südafrika;South Africa;Sudáfrica;Afrique du Sud;Južnoafrička Republika;Sudafrica;Południowa Afryka;Sydafrika
ZAF;Jihoafrická republika;Südafrika;South Africa;Sudáfrica;Afrique du Sud;Južnoafrička Republika;Sudafrica;Południowa Afryka;Sydafrika
ZM;Zambie;Sambia;Zambia;Zambia;Zambie;Zambija;Zambia;Zambia;Zambia
ZMB;Zambie;Sambia;Zambia;Zambia;Zambie;Zambija;Zambia;Zambia;Zambia
ZW;Zimbabwe;Simbabwe;Zimbabwe;Zimbabue;Zimbabwe;Zimbabve;Zimbabwe;Zimbabwe;Zimbabwe
ZWE;Zimbabwe;Simbabwe;Zimbabwe;Zimbabue;Zimbabwe;Zimbabve;Zimbabwe;Zimbabwe;Zimbabwe
